City,Type,Page,URL Slug,Status,Published URL
Madurai,Pillar,Laser Cutting Services,/madurai/laser-cutting-services,Published,https://www.rgtechengineeringworks.com/madurai/laser-cutting-services
Madurai,Pillar,Sheet Metal Laser Cutting Services,/madurai/sheet-metal-laser-cutting-services,Published,https://www.rgtechengineeringworks.com/madurai/sheet-metal-laser-cutting-services
Madurai,Pillar,Fabrication Services,/madurai/fabrication-services,Published,https://www.rgtechengineeringworks.com/madurai/fabrication-services
Madurai,Pillar,Steel Gates,/madurai/steel-gates,Published,https://www.rgtechengineeringworks.com/madurai/steel-gates
Madurai,Pillar,Metal Safety Doors,/madurai/metal-safety-doors,Published,https://www.rgtechengineeringworks.com/madurai/metal-safety-doors
Madurai,Pillar,Decorative Metal Panels,/madurai/decorative-metal-panels,Published,https://www.rgtechengineeringworks.com/madurai/decorative-metal-panels
Coimbatore,Pillar,Laser Cutting Services,/coimbatore/laser-cutting-services,Published,https://www.rgtechengineeringworks.com/coimbatore/laser-cutting-services
Coimbatore,Pillar,Sheet Metal Laser Cutting Services,/coimbatore/sheet-metal-laser-cutting-services,Published,https://www.rgtechengineeringworks.com/coimbatore/sheet-metal-laser-cutting-services
Coimbatore,Pillar,Fabrication Services,/coimbatore/fabrication-services,Published,https://www.rgtechengineeringworks.com/coimbatore/fabrication-services
Coimbatore,Pillar,Steel Gates,/coimbatore/steel-gates,Published,https://www.rgtechengineeringworks.com/coimbatore/steel-gates
Coimbatore,Pillar,Metal Safety Doors,/coimbatore/metal-safety-doors,Published,https://www.rgtechengineeringworks.com/coimbatore/metal-safety-doors
Coimbatore,Pillar,Decorative Metal Panels,/coimbatore/decorative-metal-panels,Published,https://www.rgtechengineeringworks.com/coimbatore/decorative-metal-panels
Madurai,Cluster,Laser Cutting Services in Anna Nagar,/madurai/laser-cutting-services-in-anna-nagar,Pending,
Madurai,Cluster,Sheet Metal Laser Cutting Services in Anna Nagar,/madurai/sheet-metal-laser-cutting-services-in-anna-nagar,Pending,
Madurai,Cluster,Fabrication Services in Anna Nagar,/madurai/fabrication-services-in-anna-nagar,Pending,
Madurai,Cluster,Steel Gates in Anna Nagar,/madurai/steel-gates-in-anna-nagar,Pending,
Madurai,Cluster,Metal Safety Doors in Anna Nagar,/madurai/metal-safety-doors-in-anna-nagar,Pending,
Madurai,Cluster,Decorative Metal Panels in Anna Nagar,/madurai/decorative-metal-panels-in-anna-nagar,Pending,
Madurai,Cluster,Laser Cutting Services in K K Nagar,/madurai/laser-cutting-services-in-k-k-nagar,Pending,
Madurai,Cluster,Sheet Metal Laser Cutting Services in K K Nagar,/madurai/sheet-metal-laser-cutting-services-in-k-k-nagar,Pending,
Madurai,Cluster,Fabrication Services in K K Nagar,/madurai/fabrication-services-in-k-k-nagar,Pending,
Madurai,Cluster,Steel Gates in K K Nagar,/madurai/steel-gates-in-k-k-nagar,Pending,
Madurai,Cluster,Metal Safety Doors in K K Nagar,/madurai/metal-safety-doors-in-k-k-nagar,Pending,
Madurai,Cluster,Decorative Metal Panels in K K Nagar,/madurai/decorative-metal-panels-in-k-k-nagar,Pending,
Madurai,Cluster,Laser Cutting Services in Villapuram,/madurai/laser-cutting-services-in-villapuram,Pending,
Madurai,Cluster,Sheet Metal Laser Cutting Services in Villapuram,/madurai/sheet-metal-laser-cutting-services-in-villapuram,Pending,
Madurai,Cluster,Fabrication Services in Villapuram,/madurai/fabrication-services-in-villapuram,Pending,
Madurai,Cluster,Steel Gates in Villapuram,/madurai/steel-gates-in-villapuram,Pending,
Madurai,Cluster,Metal Safety Doors in Villapuram,/madurai/metal-safety-doors-in-villapuram,Pending,
Madurai,Cluster,Decorative Metal Panels in Villapuram,/madurai/decorative-metal-panels-in-villapuram,Pending,
Madurai,Cluster,Laser Cutting Services in Thirunagar,/madurai/laser-cutting-services-in-thirunagar,Pending,
Madurai,Cluster,Sheet Metal Laser Cutting Services in Thirunagar,/madurai/sheet-metal-laser-cutting-services-in-thirunagar,Pending,
Madurai,Cluster,Fabrication Services in Thirunagar,/madurai/fabrication-services-in-thirunagar,Pending,
Madurai,Cluster,Steel Gates in Thirunagar,/madurai/steel-gates-in-thirunagar,Pending,
Madurai,Cluster,Metal Safety Doors in Thirunagar,/madurai/metal-safety-doors-in-thirunagar,Pending,
Madurai,Cluster,Decorative Metal Panels in Thirunagar,/madurai/decorative-metal-panels-in-thirunagar,Pending,
Madurai,Cluster,Laser Cutting Services in Goripalayam,/madurai/laser-cutting-services-in-goripalayam,Pending,
Madurai,Cluster,Sheet Metal Laser Cutting Services in Goripalayam,/madurai/sheet-metal-laser-cutting-services-in-goripalayam,Pending,
Madurai,Cluster,Fabrication Services in Goripalayam,/madurai/fabrication-services-in-goripalayam,Pending,
Madurai,Cluster,Steel Gates in Goripalayam,/madurai/steel-gates-in-goripalayam,Pending,
Madurai,Cluster,Metal Safety Doors in Goripalayam,/madurai/metal-safety-doors-in-goripalayam,Pending,
Madurai,Cluster,Decorative Metal Panels in Goripalayam,/madurai/decorative-metal-panels-in-goripalayam,Pending,
Madurai,Cluster,Laser Cutting Services in Tallakulam,/madurai/laser-cutting-services-in-tallakulam,Pending,
Madurai,Cluster,Sheet Metal Laser Cutting Services in Tallakulam,/madurai/sheet-metal-laser-cutting-services-in-tallakulam,Pending,
Madurai,Cluster,Fabrication Services in Tallakulam,/madurai/fabrication-services-in-tallakulam,Pending,
Madurai,Cluster,Steel Gates in Tallakulam,/madurai/steel-gates-in-tallakulam,Pending,
Madurai,Cluster,Metal Safety Doors in Tallakulam,/madurai/metal-safety-doors-in-tallakulam,Pending,
Madurai,Cluster,Decorative Metal Panels in Tallakulam,/madurai/decorative-metal-panels-in-tallakulam,Pending,
Madurai,Cluster,Laser Cutting Services in Simmakkal,/madurai/laser-cutting-services-in-simmakkal,Pending,
Madurai,Cluster,Sheet Metal Laser Cutting Services in Simmakkal,/madurai/sheet-metal-laser-cutting-services-in-simmakkal,Pending,
Madurai,Cluster,Fabrication Services in Simmakkal,/madurai/fabrication-services-in-simmakkal,Pending,
Madurai,Cluster,Steel Gates in Simmakkal,/madurai/steel-gates-in-simmakkal,Pending,
Madurai,Cluster,Metal Safety Doors in Simmakkal,/madurai/metal-safety-doors-in-simmakkal,Pending,
Madurai,Cluster,Decorative Metal Panels in Simmakkal,/madurai/decorative-metal-panels-in-simmakkal,Pending,
Madurai,Cluster,Laser Cutting Services in Mattuthavani,/madurai/laser-cutting-services-in-mattuthavani,Pending,
Madurai,Cluster,Sheet Metal Laser Cutting Services in Mattuthavani,/madurai/sheet-metal-laser-cutting-services-in-mattuthavani,Pending,
Madurai,Cluster,Fabrication Services in Mattuthavani,/madurai/fabrication-services-in-mattuthavani,Pending,
Madurai,Cluster,Steel Gates in Mattuthavani,/madurai/steel-gates-in-mattuthavani,Pending,
Madurai,Cluster,Metal Safety Doors in Mattuthavani,/madurai/metal-safety-doors-in-mattuthavani,Pending,
Madurai,Cluster,Decorative Metal Panels in Mattuthavani,/madurai/decorative-metal-panels-in-mattuthavani,Pending,
Madurai,Cluster,Laser Cutting Services in Avaniyapuram,/madurai/laser-cutting-services-in-avaniyapuram,Pending,
Madurai,Cluster,Sheet Metal Laser Cutting Services in Avaniyapuram,/madurai/sheet-metal-laser-cutting-services-in-avaniyapuram,Pending,
Madurai,Cluster,Fabrication Services in Avaniyapuram,/madurai/fabrication-services-in-avaniyapuram,Pending,
Madurai,Cluster,Steel Gates in Avaniyapuram,/madurai/steel-gates-in-avaniyapuram,Pending,
Madurai,Cluster,Metal Safety Doors in Avaniyapuram,/madurai/metal-safety-doors-in-avaniyapuram,Pending,
Madurai,Cluster,Decorative Metal Panels in Avaniyapuram,/madurai/decorative-metal-panels-in-avaniyapuram,Pending,
Madurai,Cluster,Laser Cutting Services in Sellur,/madurai/laser-cutting-services-in-sellur,Pending,
Madurai,Cluster,Sheet Metal Laser Cutting Services in Sellur,/madurai/sheet-metal-laser-cutting-services-in-sellur,Pending,
Madurai,Cluster,Fabrication Services in Sellur,/madurai/fabrication-services-in-sellur,Pending,
Madurai,Cluster,Steel Gates in Sellur,/madurai/steel-gates-in-sellur,Pending,
Madurai,Cluster,Metal Safety Doors in Sellur,/madurai/metal-safety-doors-in-sellur,Pending,
Madurai,Cluster,Decorative Metal Panels in Sellur,/madurai/decorative-metal-panels-in-sellur,Pending,
Madurai,Cluster,Laser Cutting Services in Ellis Nagar,/madurai/laser-cutting-services-in-ellis-nagar,Pending,
Madurai,Cluster,Sheet Metal Laser Cutting Services in Ellis Nagar,/madurai/sheet-metal-laser-cutting-services-in-ellis-nagar,Pending,
Madurai,Cluster,Fabrication Services in Ellis Nagar,/madurai/fabrication-services-in-ellis-nagar,Pending,
Madurai,Cluster,Steel Gates in Ellis Nagar,/madurai/steel-gates-in-ellis-nagar,Pending,
Madurai,Cluster,Metal Safety Doors in Ellis Nagar,/madurai/metal-safety-doors-in-ellis-nagar,Pending,
Madurai,Cluster,Decorative Metal Panels in Ellis Nagar,/madurai/decorative-metal-panels-in-ellis-nagar,Pending,
Madurai,Cluster,Laser Cutting Services in Pasumalai,/madurai/laser-cutting-services-in-pasumalai,Pending,
Madurai,Cluster,Sheet Metal Laser Cutting Services in Pasumalai,/madurai/sheet-metal-laser-cutting-services-in-pasumalai,Pending,
Madurai,Cluster,Fabrication Services in Pasumalai,/madurai/fabrication-services-in-pasumalai,Pending,
Madurai,Cluster,Steel Gates in Pasumalai,/madurai/steel-gates-in-pasumalai,Pending,
Madurai,Cluster,Metal Safety Doors in Pasumalai,/madurai/metal-safety-doors-in-pasumalai,Pending,
Madurai,Cluster,Decorative Metal Panels in Pasumalai,/madurai/decorative-metal-panels-in-pasumalai,Pending,
Madurai,Cluster,Laser Cutting Services in Vilangudi,/madurai/laser-cutting-services-in-vilangudi,Pending,
Madurai,Cluster,Sheet Metal Laser Cutting Services in Vilangudi,/madurai/sheet-metal-laser-cutting-services-in-vilangudi,Pending,
Madurai,Cluster,Fabrication Services in Vilangudi,/madurai/fabrication-services-in-vilangudi,Pending,
Madurai,Cluster,Steel Gates in Vilangudi,/madurai/steel-gates-in-vilangudi,Pending,
Madurai,Cluster,Metal Safety Doors in Vilangudi,/madurai/metal-safety-doors-in-vilangudi,Pending,
Madurai,Cluster,Decorative Metal Panels in Vilangudi,/madurai/decorative-metal-panels-in-vilangudi,Pending,
Madurai,Cluster,Laser Cutting Services in Othakadai,/madurai/laser-cutting-services-in-othakadai,Pending,
Madurai,Cluster,Sheet Metal Laser Cutting Services in Othakadai,/madurai/sheet-metal-laser-cutting-services-in-othakadai,Pending,
Madurai,Cluster,Fabrication Services in Othakadai,/madurai/fabrication-services-in-othakadai,Pending,
Madurai,Cluster,Steel Gates in Othakadai,/madurai/steel-gates-in-othakadai,Pending,
Madurai,Cluster,Metal Safety Doors in Othakadai,/madurai/metal-safety-doors-in-othakadai,Pending,
Madurai,Cluster,Decorative Metal Panels in Othakadai,/madurai/decorative-metal-panels-in-othakadai,Pending,
Madurai,Cluster,Laser Cutting Services in Samayanallur,/madurai/laser-cutting-services-in-samayanallur,Pending,
Madurai,Cluster,Sheet Metal Laser Cutting Services in Samayanallur,/madurai/sheet-metal-laser-cutting-services-in-samayanallur,Pending,
Madurai,Cluster,Fabrication Services in Samayanallur,/madurai/fabrication-services-in-samayanallur,Pending,
Madurai,Cluster,Steel Gates in Samayanallur,/madurai/steel-gates-in-samayanallur,Pending,
Madurai,Cluster,Metal Safety Doors in Samayanallur,/madurai/metal-safety-doors-in-samayanallur,Pending,
Madurai,Cluster,Decorative Metal Panels in Samayanallur,/madurai/decorative-metal-panels-in-samayanallur,Pending,
Madurai,Cluster,Laser Cutting Services in Kochadai,/madurai/laser-cutting-services-in-kochadai,Pending,
Madurai,Cluster,Sheet Metal Laser Cutting Services in Kochadai,/madurai/sheet-metal-laser-cutting-services-in-kochadai,Pending,
Madurai,Cluster,Fabrication Services in Kochadai,/madurai/fabrication-services-in-kochadai,Pending,
Madurai,Cluster,Steel Gates in Kochadai,/madurai/steel-gates-in-kochadai,Pending,
Madurai,Cluster,Metal Safety Doors in Kochadai,/madurai/metal-safety-doors-in-kochadai,Pending,
Madurai,Cluster,Decorative Metal Panels in Kochadai,/madurai/decorative-metal-panels-in-kochadai,Pending,
Madurai,Cluster,Laser Cutting Services in Arappalayam,/madurai/laser-cutting-services-in-arappalayam,Pending,
Madurai,Cluster,Sheet Metal Laser Cutting Services in Arappalayam,/madurai/sheet-metal-laser-cutting-services-in-arappalayam,Pending,
Madurai,Cluster,Fabrication Services in Arappalayam,/madurai/fabrication-services-in-arappalayam,Pending,
Madurai,Cluster,Steel Gates in Arappalayam,/madurai/steel-gates-in-arappalayam,Pending,
Madurai,Cluster,Metal Safety Doors in Arappalayam,/madurai/metal-safety-doors-in-arappalayam,Pending,
Madurai,Cluster,Decorative Metal Panels in Arappalayam,/madurai/decorative-metal-panels-in-arappalayam,Pending,
Madurai,Cluster,Laser Cutting Services in Chokkikulam,/madurai/laser-cutting-services-in-chokkikulam,Pending,
Madurai,Cluster,Sheet Metal Laser Cutting Services in Chokkikulam,/madurai/sheet-metal-laser-cutting-services-in-chokkikulam,Pending,
Madurai,Cluster,Fabrication Services in Chokkikulam,/madurai/fabrication-services-in-chokkikulam,Pending,
Madurai,Cluster,Steel Gates in Chokkikulam,/madurai/steel-gates-in-chokkikulam,Pending,
Madurai,Cluster,Metal Safety Doors in Chokkikulam,/madurai/metal-safety-doors-in-chokkikulam,Pending,
Madurai,Cluster,Decorative Metal Panels in Chokkikulam,/madurai/decorative-metal-panels-in-chokkikulam,Pending,
Madurai,Cluster,Laser Cutting Services in Narimedu,/madurai/laser-cutting-services-in-narimedu,Pending,
Madurai,Cluster,Sheet Metal Laser Cutting Services in Narimedu,/madurai/sheet-metal-laser-cutting-services-in-narimedu,Pending,
Madurai,Cluster,Fabrication Services in Narimedu,/madurai/fabrication-services-in-narimedu,Pending,
Madurai,Cluster,Steel Gates in Narimedu,/madurai/steel-gates-in-narimedu,Pending,
Madurai,Cluster,Metal Safety Doors in Narimedu,/madurai/metal-safety-doors-in-narimedu,Pending,
Madurai,Cluster,Decorative Metal Panels in Narimedu,/madurai/decorative-metal-panels-in-narimedu,Pending,
Madurai,Cluster,Laser Cutting Services in Melur,/madurai/laser-cutting-services-in-melur,Pending,
Madurai,Cluster,Sheet Metal Laser Cutting Services in Melur,/madurai/sheet-metal-laser-cutting-services-in-melur,Pending,
Madurai,Cluster,Fabrication Services in Melur,/madurai/fabrication-services-in-melur,Pending,
Madurai,Cluster,Steel Gates in Melur,/madurai/steel-gates-in-melur,Pending,
Madurai,Cluster,Metal Safety Doors in Melur,/madurai/metal-safety-doors-in-melur,Pending,
Madurai,Cluster,Decorative Metal Panels in Melur,/madurai/decorative-metal-panels-in-melur,Pending,
Madurai,Cluster,Laser Cutting Services in Thiruparankundram,/madurai/laser-cutting-services-in-thiruparankundram,Pending,
Madurai,Cluster,Sheet Metal Laser Cutting Services in Thiruparankundram,/madurai/sheet-metal-laser-cutting-services-in-thiruparankundram,Pending,
Madurai,Cluster,Fabrication Services in Thiruparankundram,/madurai/fabrication-services-in-thiruparankundram,Pending,
Madurai,Cluster,Steel Gates in Thiruparankundram,/madurai/steel-gates-in-thiruparankundram,Pending,
Madurai,Cluster,Metal Safety Doors in Thiruparankundram,/madurai/metal-safety-doors-in-thiruparankundram,Pending,
Madurai,Cluster,Decorative Metal Panels in Thiruparankundram,/madurai/decorative-metal-panels-in-thiruparankundram,Pending,
Madurai,Cluster,Laser Cutting Services in Palanganatham,/madurai/laser-cutting-services-in-palanganatham,Pending,
Madurai,Cluster,Sheet Metal Laser Cutting Services in Palanganatham,/madurai/sheet-metal-laser-cutting-services-in-palanganatham,Pending,
Madurai,Cluster,Fabrication Services in Palanganatham,/madurai/fabrication-services-in-palanganatham,Pending,
Madurai,Cluster,Steel Gates in Palanganatham,/madurai/steel-gates-in-palanganatham,Pending,
Madurai,Cluster,Metal Safety Doors in Palanganatham,/madurai/metal-safety-doors-in-palanganatham,Pending,
Madurai,Cluster,Decorative Metal Panels in Palanganatham,/madurai/decorative-metal-panels-in-palanganatham,Pending,
Madurai,Cluster,Laser Cutting Services in Jaihindpuram,/madurai/laser-cutting-services-in-jaihindpuram,Pending,
Madurai,Cluster,Sheet Metal Laser Cutting Services in Jaihindpuram,/madurai/sheet-metal-laser-cutting-services-in-jaihindpuram,Pending,
Madurai,Cluster,Fabrication Services in Jaihindpuram,/madurai/fabrication-services-in-jaihindpuram,Pending,
Madurai,Cluster,Steel Gates in Jaihindpuram,/madurai/steel-gates-in-jaihindpuram,Pending,
Madurai,Cluster,Metal Safety Doors in Jaihindpuram,/madurai/metal-safety-doors-in-jaihindpuram,Pending,
Madurai,Cluster,Decorative Metal Panels in Jaihindpuram,/madurai/decorative-metal-panels-in-jaihindpuram,Pending,
Madurai,Cluster,Laser Cutting Services in Kalavasal,/madurai/laser-cutting-services-in-kalavasal,Pending,
Madurai,Cluster,Sheet Metal Laser Cutting Services in Kalavasal,/madurai/sheet-metal-laser-cutting-services-in-kalavasal,Pending,
Madurai,Cluster,Fabrication Services in Kalavasal,/madurai/fabrication-services-in-kalavasal,Pending,
Madurai,Cluster,Steel Gates in Kalavasal,/madurai/steel-gates-in-kalavasal,Pending,
Madurai,Cluster,Metal Safety Doors in Kalavasal,/madurai/metal-safety-doors-in-kalavasal,Pending,
Madurai,Cluster,Decorative Metal Panels in Kalavasal,/madurai/decorative-metal-panels-in-kalavasal,Pending,
Madurai,Cluster,Laser Cutting Services in Arasaradi,/madurai/laser-cutting-services-in-arasaradi,Pending,
Madurai,Cluster,Sheet Metal Laser Cutting Services in Arasaradi,/madurai/sheet-metal-laser-cutting-services-in-arasaradi,Pending,
Madurai,Cluster,Fabrication Services in Arasaradi,/madurai/fabrication-services-in-arasaradi,Pending,
Madurai,Cluster,Steel Gates in Arasaradi,/madurai/steel-gates-in-arasaradi,Pending,
Madurai,Cluster,Metal Safety Doors in Arasaradi,/madurai/metal-safety-doors-in-arasaradi,Pending,
Madurai,Cluster,Decorative Metal Panels in Arasaradi,/madurai/decorative-metal-panels-in-arasaradi,Pending,
Madurai,Cluster,Laser Cutting Services in Koodal Nagar,/madurai/laser-cutting-services-in-koodal-nagar,Pending,
Madurai,Cluster,Sheet Metal Laser Cutting Services in Koodal Nagar,/madurai/sheet-metal-laser-cutting-services-in-koodal-nagar,Pending,
Madurai,Cluster,Fabrication Services in Koodal Nagar,/madurai/fabrication-services-in-koodal-nagar,Pending,
Madurai,Cluster,Steel Gates in Koodal Nagar,/madurai/steel-gates-in-koodal-nagar,Pending,
Madurai,Cluster,Metal Safety Doors in Koodal Nagar,/madurai/metal-safety-doors-in-koodal-nagar,Pending,
Madurai,Cluster,Decorative Metal Panels in Koodal Nagar,/madurai/decorative-metal-panels-in-koodal-nagar,Pending,
Madurai,Cluster,Laser Cutting Services in Yanaikkal,/madurai/laser-cutting-services-in-yanaikkal,Pending,
Madurai,Cluster,Sheet Metal Laser Cutting Services in Yanaikkal,/madurai/sheet-metal-laser-cutting-services-in-yanaikkal,Pending,
Madurai,Cluster,Fabrication Services in Yanaikkal,/madurai/fabrication-services-in-yanaikkal,Pending,
Madurai,Cluster,Steel Gates in Yanaikkal,/madurai/steel-gates-in-yanaikkal,Pending,
Madurai,Cluster,Metal Safety Doors in Yanaikkal,/madurai/metal-safety-doors-in-yanaikkal,Pending,
Madurai,Cluster,Decorative Metal Panels in Yanaikkal,/madurai/decorative-metal-panels-in-yanaikkal,Pending,
Madurai,Cluster,Laser Cutting Services in Nelpettai,/madurai/laser-cutting-services-in-nelpettai,Pending,
Madurai,Cluster,Sheet Metal Laser Cutting Services in Nelpettai,/madurai/sheet-metal-laser-cutting-services-in-nelpettai,Pending,
Madurai,Cluster,Fabrication Services in Nelpettai,/madurai/fabrication-services-in-nelpettai,Pending,
Madurai,Cluster,Steel Gates in Nelpettai,/madurai/steel-gates-in-nelpettai,Pending,
Madurai,Cluster,Metal Safety Doors in Nelpettai,/madurai/metal-safety-doors-in-nelpettai,Pending,
Madurai,Cluster,Decorative Metal Panels in Nelpettai,/madurai/decorative-metal-panels-in-nelpettai,Pending,
Madurai,Cluster,Laser Cutting Services in East Gate,/madurai/laser-cutting-services-in-east-gate,Pending,
Madurai,Cluster,Sheet Metal Laser Cutting Services in East Gate,/madurai/sheet-metal-laser-cutting-services-in-east-gate,Pending,
Madurai,Cluster,Fabrication Services in East Gate,/madurai/fabrication-services-in-east-gate,Pending,
Madurai,Cluster,Steel Gates in East Gate,/madurai/steel-gates-in-east-gate,Pending,
Madurai,Cluster,Metal Safety Doors in East Gate,/madurai/metal-safety-doors-in-east-gate,Pending,
Madurai,Cluster,Decorative Metal Panels in East Gate,/madurai/decorative-metal-panels-in-east-gate,Pending,
Madurai,Cluster,Laser Cutting Services in South Gate,/madurai/laser-cutting-services-in-south-gate,Pending,
Madurai,Cluster,Sheet Metal Laser Cutting Services in South Gate,/madurai/sheet-metal-laser-cutting-services-in-south-gate,Pending,
Madurai,Cluster,Fabrication Services in South Gate,/madurai/fabrication-services-in-south-gate,Pending,
Madurai,Cluster,Steel Gates in South Gate,/madurai/steel-gates-in-south-gate,Pending,
Madurai,Cluster,Metal Safety Doors in South Gate,/madurai/metal-safety-doors-in-south-gate,Pending,
Madurai,Cluster,Decorative Metal Panels in South Gate,/madurai/decorative-metal-panels-in-south-gate,Pending,
Madurai,Cluster,Laser Cutting Services in Bethaniapuram,/madurai/laser-cutting-services-in-bethaniapuram,Pending,
Madurai,Cluster,Sheet Metal Laser Cutting Services in Bethaniapuram,/madurai/sheet-metal-laser-cutting-services-in-bethaniapuram,Pending,
Madurai,Cluster,Fabrication Services in Bethaniapuram,/madurai/fabrication-services-in-bethaniapuram,Pending,
Madurai,Cluster,Steel Gates in Bethaniapuram,/madurai/steel-gates-in-bethaniapuram,Pending,
Madurai,Cluster,Metal Safety Doors in Bethaniapuram,/madurai/metal-safety-doors-in-bethaniapuram,Pending,
Madurai,Cluster,Decorative Metal Panels in Bethaniapuram,/madurai/decorative-metal-panels-in-bethaniapuram,Pending,
Madurai,Cluster,Laser Cutting Services in Thathaneri,/madurai/laser-cutting-services-in-thathaneri,Pending,
Madurai,Cluster,Sheet Metal Laser Cutting Services in Thathaneri,/madurai/sheet-metal-laser-cutting-services-in-thathaneri,Pending,
Madurai,Cluster,Fabrication Services in Thathaneri,/madurai/fabrication-services-in-thathaneri,Pending,
Madurai,Cluster,Steel Gates in Thathaneri,/madurai/steel-gates-in-thathaneri,Pending,
Madurai,Cluster,Metal Safety Doors in Thathaneri,/madurai/metal-safety-doors-in-thathaneri,Pending,
Madurai,Cluster,Decorative Metal Panels in Thathaneri,/madurai/decorative-metal-panels-in-thathaneri,Pending,
Madurai,Cluster,Laser Cutting Services in Madakulam,/madurai/laser-cutting-services-in-madakulam,Pending,
Madurai,Cluster,Sheet Metal Laser Cutting Services in Madakulam,/madurai/sheet-metal-laser-cutting-services-in-madakulam,Pending,
Madurai,Cluster,Fabrication Services in Madakulam,/madurai/fabrication-services-in-madakulam,Pending,
Madurai,Cluster,Steel Gates in Madakulam,/madurai/steel-gates-in-madakulam,Pending,
Madurai,Cluster,Metal Safety Doors in Madakulam,/madurai/metal-safety-doors-in-madakulam,Pending,
Madurai,Cluster,Decorative Metal Panels in Madakulam,/madurai/decorative-metal-panels-in-madakulam,Pending,
Madurai,Cluster,Laser Cutting Services in Karuppayurani,/madurai/laser-cutting-services-in-karuppayurani,Pending,
Madurai,Cluster,Sheet Metal Laser Cutting Services in Karuppayurani,/madurai/sheet-metal-laser-cutting-services-in-karuppayurani,Pending,
Madurai,Cluster,Fabrication Services in Karuppayurani,/madurai/fabrication-services-in-karuppayurani,Pending,
Madurai,Cluster,Steel Gates in Karuppayurani,/madurai/steel-gates-in-karuppayurani,Pending,
Madurai,Cluster,Metal Safety Doors in Karuppayurani,/madurai/metal-safety-doors-in-karuppayurani,Pending,
Madurai,Cluster,Decorative Metal Panels in Karuppayurani,/madurai/decorative-metal-panels-in-karuppayurani,Pending,
Madurai,Cluster,Laser Cutting Services in Kadachanendhal,/madurai/laser-cutting-services-in-kadachanendhal,Pending,
Madurai,Cluster,Sheet Metal Laser Cutting Services in Kadachanendhal,/madurai/sheet-metal-laser-cutting-services-in-kadachanendhal,Pending,
Madurai,Cluster,Fabrication Services in Kadachanendhal,/madurai/fabrication-services-in-kadachanendhal,Pending,
Madurai,Cluster,Steel Gates in Kadachanendhal,/madurai/steel-gates-in-kadachanendhal,Pending,
Madurai,Cluster,Metal Safety Doors in Kadachanendhal,/madurai/metal-safety-doors-in-kadachanendhal,Pending,
Madurai,Cluster,Decorative Metal Panels in Kadachanendhal,/madurai/decorative-metal-panels-in-kadachanendhal,Pending,
Madurai,Cluster,Laser Cutting Services in Nagamalai Puthukottai,/madurai/laser-cutting-services-in-nagamalai-puthukottai,Pending,
Madurai,Cluster,Sheet Metal Laser Cutting Services in Nagamalai Puthukottai,/madurai/sheet-metal-laser-cutting-services-in-nagamalai-puthukottai,Pending,
Madurai,Cluster,Fabrication Services in Nagamalai Puthukottai,/madurai/fabrication-services-in-nagamalai-puthukottai,Pending,
Madurai,Cluster,Steel Gates in Nagamalai Puthukottai,/madurai/steel-gates-in-nagamalai-puthukottai,Pending,
Madurai,Cluster,Metal Safety Doors in Nagamalai Puthukottai,/madurai/metal-safety-doors-in-nagamalai-puthukottai,Pending,
Madurai,Cluster,Decorative Metal Panels in Nagamalai Puthukottai,/madurai/decorative-metal-panels-in-nagamalai-puthukottai,Pending,
Madurai,Cluster,Laser Cutting Services in Sundarajan Patti,/madurai/laser-cutting-services-in-sundarajan-patti,Pending,
Madurai,Cluster,Sheet Metal Laser Cutting Services in Sundarajan Patti,/madurai/sheet-metal-laser-cutting-services-in-sundarajan-patti,Pending,
Madurai,Cluster,Fabrication Services in Sundarajan Patti,/madurai/fabrication-services-in-sundarajan-patti,Pending,
Madurai,Cluster,Steel Gates in Sundarajan Patti,/madurai/steel-gates-in-sundarajan-patti,Pending,
Madurai,Cluster,Metal Safety Doors in Sundarajan Patti,/madurai/metal-safety-doors-in-sundarajan-patti,Pending,
Madurai,Cluster,Decorative Metal Panels in Sundarajan Patti,/madurai/decorative-metal-panels-in-sundarajan-patti,Pending,
Madurai,Cluster,Laser Cutting Services in Sathamangalam,/madurai/laser-cutting-services-in-sathamangalam,Pending,
Madurai,Cluster,Sheet Metal Laser Cutting Services in Sathamangalam,/madurai/sheet-metal-laser-cutting-services-in-sathamangalam,Pending,
Madurai,Cluster,Fabrication Services in Sathamangalam,/madurai/fabrication-services-in-sathamangalam,Pending,
Madurai,Cluster,Steel Gates in Sathamangalam,/madurai/steel-gates-in-sathamangalam,Pending,
Madurai,Cluster,Metal Safety Doors in Sathamangalam,/madurai/metal-safety-doors-in-sathamangalam,Pending,
Madurai,Cluster,Decorative Metal Panels in Sathamangalam,/madurai/decorative-metal-panels-in-sathamangalam,Pending,
Madurai,Cluster,Laser Cutting Services in Iyer Bungalow,/madurai/laser-cutting-services-in-iyer-bungalow,Pending,
Madurai,Cluster,Sheet Metal Laser Cutting Services in Iyer Bungalow,/madurai/sheet-metal-laser-cutting-services-in-iyer-bungalow,Pending,
Madurai,Cluster,Fabrication Services in Iyer Bungalow,/madurai/fabrication-services-in-iyer-bungalow,Pending,
Madurai,Cluster,Steel Gates in Iyer Bungalow,/madurai/steel-gates-in-iyer-bungalow,Pending,
Madurai,Cluster,Metal Safety Doors in Iyer Bungalow,/madurai/metal-safety-doors-in-iyer-bungalow,Pending,
Madurai,Cluster,Decorative Metal Panels in Iyer Bungalow,/madurai/decorative-metal-panels-in-iyer-bungalow,Pending,
Madurai,Cluster,Laser Cutting Services in Thiruppalai,/madurai/laser-cutting-services-in-thiruppalai,Pending,
Madurai,Cluster,Sheet Metal Laser Cutting Services in Thiruppalai,/madurai/sheet-metal-laser-cutting-services-in-thiruppalai,Pending,
Madurai,Cluster,Fabrication Services in Thiruppalai,/madurai/fabrication-services-in-thiruppalai,Pending,
Madurai,Cluster,Steel Gates in Thiruppalai,/madurai/steel-gates-in-thiruppalai,Pending,
Madurai,Cluster,Metal Safety Doors in Thiruppalai,/madurai/metal-safety-doors-in-thiruppalai,Pending,
Madurai,Cluster,Decorative Metal Panels in Thiruppalai,/madurai/decorative-metal-panels-in-thiruppalai,Pending,
Madurai,Cluster,Laser Cutting Services in S S Colony,/madurai/laser-cutting-services-in-s-s-colony,Pending,
Madurai,Cluster,Sheet Metal Laser Cutting Services in S S Colony,/madurai/sheet-metal-laser-cutting-services-in-s-s-colony,Pending,
Madurai,Cluster,Fabrication Services in S S Colony,/madurai/fabrication-services-in-s-s-colony,Pending,
Madurai,Cluster,Steel Gates in S S Colony,/madurai/steel-gates-in-s-s-colony,Pending,
Madurai,Cluster,Metal Safety Doors in S S Colony,/madurai/metal-safety-doors-in-s-s-colony,Pending,
Madurai,Cluster,Decorative Metal Panels in S S Colony,/madurai/decorative-metal-panels-in-s-s-colony,Pending,
Madurai,Cluster,Laser Cutting Services in Vaanamamalai Nagar,/madurai/laser-cutting-services-in-vaanamamalai-nagar,Pending,
Madurai,Cluster,Sheet Metal Laser Cutting Services in Vaanamamalai Nagar,/madurai/sheet-metal-laser-cutting-services-in-vaanamamalai-nagar,Pending,
Madurai,Cluster,Fabrication Services in Vaanamamalai Nagar,/madurai/fabrication-services-in-vaanamamalai-nagar,Pending,
Madurai,Cluster,Steel Gates in Vaanamamalai Nagar,/madurai/steel-gates-in-vaanamamalai-nagar,Pending,
Madurai,Cluster,Metal Safety Doors in Vaanamamalai Nagar,/madurai/metal-safety-doors-in-vaanamamalai-nagar,Pending,
Madurai,Cluster,Decorative Metal Panels in Vaanamamalai Nagar,/madurai/decorative-metal-panels-in-vaanamamalai-nagar,Pending,
Madurai,Cluster,Laser Cutting Services in Anaiyur,/madurai/laser-cutting-services-in-anaiyur,Pending,
Madurai,Cluster,Sheet Metal Laser Cutting Services in Anaiyur,/madurai/sheet-metal-laser-cutting-services-in-anaiyur,Pending,
Madurai,Cluster,Fabrication Services in Anaiyur,/madurai/fabrication-services-in-anaiyur,Pending,
Madurai,Cluster,Steel Gates in Anaiyur,/madurai/steel-gates-in-anaiyur,Pending,
Madurai,Cluster,Metal Safety Doors in Anaiyur,/madurai/metal-safety-doors-in-anaiyur,Pending,
Madurai,Cluster,Decorative Metal Panels in Anaiyur,/madurai/decorative-metal-panels-in-anaiyur,Pending,
Madurai,Cluster,Laser Cutting Services in Ponmeni,/madurai/laser-cutting-services-in-ponmeni,Pending,
Madurai,Cluster,Sheet Metal Laser Cutting Services in Ponmeni,/madurai/sheet-metal-laser-cutting-services-in-ponmeni,Pending,
Madurai,Cluster,Fabrication Services in Ponmeni,/madurai/fabrication-services-in-ponmeni,Pending,
Madurai,Cluster,Steel Gates in Ponmeni,/madurai/steel-gates-in-ponmeni,Pending,
Madurai,Cluster,Metal Safety Doors in Ponmeni,/madurai/metal-safety-doors-in-ponmeni,Pending,
Madurai,Cluster,Decorative Metal Panels in Ponmeni,/madurai/decorative-metal-panels-in-ponmeni,Pending,
Madurai,Cluster,Laser Cutting Services in Uthangudi,/madurai/laser-cutting-services-in-uthangudi,Pending,
Madurai,Cluster,Sheet Metal Laser Cutting Services in Uthangudi,/madurai/sheet-metal-laser-cutting-services-in-uthangudi,Pending,
Madurai,Cluster,Fabrication Services in Uthangudi,/madurai/fabrication-services-in-uthangudi,Pending,
Madurai,Cluster,Steel Gates in Uthangudi,/madurai/steel-gates-in-uthangudi,Pending,
Madurai,Cluster,Metal Safety Doors in Uthangudi,/madurai/metal-safety-doors-in-uthangudi,Pending,
Madurai,Cluster,Decorative Metal Panels in Uthangudi,/madurai/decorative-metal-panels-in-uthangudi,Pending,
Madurai,Cluster,Laser Cutting Services in Paravai,/madurai/laser-cutting-services-in-paravai,Pending,
Madurai,Cluster,Sheet Metal Laser Cutting Services in Paravai,/madurai/sheet-metal-laser-cutting-services-in-paravai,Pending,
Madurai,Cluster,Fabrication Services in Paravai,/madurai/fabrication-services-in-paravai,Pending,
Madurai,Cluster,Steel Gates in Paravai,/madurai/steel-gates-in-paravai,Pending,
Madurai,Cluster,Metal Safety Doors in Paravai,/madurai/metal-safety-doors-in-paravai,Pending,
Madurai,Cluster,Decorative Metal Panels in Paravai,/madurai/decorative-metal-panels-in-paravai,Pending,
Madurai,Cluster,Laser Cutting Services in Vadapalanji,/madurai/laser-cutting-services-in-vadapalanji,Pending,
Madurai,Cluster,Sheet Metal Laser Cutting Services in Vadapalanji,/madurai/sheet-metal-laser-cutting-services-in-vadapalanji,Pending,
Madurai,Cluster,Fabrication Services in Vadapalanji,/madurai/fabrication-services-in-vadapalanji,Pending,
Madurai,Cluster,Steel Gates in Vadapalanji,/madurai/steel-gates-in-vadapalanji,Pending,
Madurai,Cluster,Metal Safety Doors in Vadapalanji,/madurai/metal-safety-doors-in-vadapalanji,Pending,
Madurai,Cluster,Decorative Metal Panels in Vadapalanji,/madurai/decorative-metal-panels-in-vadapalanji,Pending,
Madurai,Cluster,Laser Cutting Services in Surveyor Colony,/madurai/laser-cutting-services-in-surveyor-colony,Pending,
Madurai,Cluster,Sheet Metal Laser Cutting Services in Surveyor Colony,/madurai/sheet-metal-laser-cutting-services-in-surveyor-colony,Pending,
Madurai,Cluster,Fabrication Services in Surveyor Colony,/madurai/fabrication-services-in-surveyor-colony,Pending,
Madurai,Cluster,Steel Gates in Surveyor Colony,/madurai/steel-gates-in-surveyor-colony,Pending,
Madurai,Cluster,Metal Safety Doors in Surveyor Colony,/madurai/metal-safety-doors-in-surveyor-colony,Pending,
Madurai,Cluster,Decorative Metal Panels in Surveyor Colony,/madurai/decorative-metal-panels-in-surveyor-colony,Pending,
Madurai,Cluster,Laser Cutting Services in Alanganallur,/madurai/laser-cutting-services-in-alanganallur,Pending,
Madurai,Cluster,Sheet Metal Laser Cutting Services in Alanganallur,/madurai/sheet-metal-laser-cutting-services-in-alanganallur,Pending,
Madurai,Cluster,Fabrication Services in Alanganallur,/madurai/fabrication-services-in-alanganallur,Pending,
Madurai,Cluster,Steel Gates in Alanganallur,/madurai/steel-gates-in-alanganallur,Pending,
Madurai,Cluster,Metal Safety Doors in Alanganallur,/madurai/metal-safety-doors-in-alanganallur,Pending,
Madurai,Cluster,Decorative Metal Panels in Alanganallur,/madurai/decorative-metal-panels-in-alanganallur,Pending,
Madurai,Cluster,Laser Cutting Services in Thirumangalam,/madurai/laser-cutting-services-in-thirumangalam,Pending,
Madurai,Cluster,Sheet Metal Laser Cutting Services in Thirumangalam,/madurai/sheet-metal-laser-cutting-services-in-thirumangalam,Pending,
Madurai,Cluster,Fabrication Services in Thirumangalam,/madurai/fabrication-services-in-thirumangalam,Pending,
Madurai,Cluster,Steel Gates in Thirumangalam,/madurai/steel-gates-in-thirumangalam,Pending,
Madurai,Cluster,Metal Safety Doors in Thirumangalam,/madurai/metal-safety-doors-in-thirumangalam,Pending,
Madurai,Cluster,Decorative Metal Panels in Thirumangalam,/madurai/decorative-metal-panels-in-thirumangalam,Pending,
Coimbatore,Cluster,Laser Cutting Services in R S Puram,/coimbatore/laser-cutting-services-in-r-s-puram,Pending,
Coimbatore,Cluster,Sheet Metal Laser Cutting Services in R S Puram,/coimbatore/sheet-metal-laser-cutting-services-in-r-s-puram,Pending,
Coimbatore,Cluster,Fabrication Services in R S Puram,/coimbatore/fabrication-services-in-r-s-puram,Pending,
Coimbatore,Cluster,Steel Gates in R S Puram,/coimbatore/steel-gates-in-r-s-puram,Pending,
Coimbatore,Cluster,Metal Safety Doors in R S Puram,/coimbatore/metal-safety-doors-in-r-s-puram,Pending,
Coimbatore,Cluster,Decorative Metal Panels in R S Puram,/coimbatore/decorative-metal-panels-in-r-s-puram,Pending,
Coimbatore,Cluster,Laser Cutting Services in Gandhipuram,/coimbatore/laser-cutting-services-in-gandhipuram,Pending,
Coimbatore,Cluster,Sheet Metal Laser Cutting Services in Gandhipuram,/coimbatore/sheet-metal-laser-cutting-services-in-gandhipuram,Pending,
Coimbatore,Cluster,Fabrication Services in Gandhipuram,/coimbatore/fabrication-services-in-gandhipuram,Pending,
Coimbatore,Cluster,Steel Gates in Gandhipuram,/coimbatore/steel-gates-in-gandhipuram,Pending,
Coimbatore,Cluster,Metal Safety Doors in Gandhipuram,/coimbatore/metal-safety-doors-in-gandhipuram,Pending,
Coimbatore,Cluster,Decorative Metal Panels in Gandhipuram,/coimbatore/decorative-metal-panels-in-gandhipuram,Pending,
Coimbatore,Cluster,Laser Cutting Services in Peelamedu,/coimbatore/laser-cutting-services-in-peelamedu,Pending,
Coimbatore,Cluster,Sheet Metal Laser Cutting Services in Peelamedu,/coimbatore/sheet-metal-laser-cutting-services-in-peelamedu,Pending,
Coimbatore,Cluster,Fabrication Services in Peelamedu,/coimbatore/fabrication-services-in-peelamedu,Pending,
Coimbatore,Cluster,Steel Gates in Peelamedu,/coimbatore/steel-gates-in-peelamedu,Pending,
Coimbatore,Cluster,Metal Safety Doors in Peelamedu,/coimbatore/metal-safety-doors-in-peelamedu,Pending,
Coimbatore,Cluster,Decorative Metal Panels in Peelamedu,/coimbatore/decorative-metal-panels-in-peelamedu,Pending,
Coimbatore,Cluster,Laser Cutting Services in Saibaba Colony,/coimbatore/laser-cutting-services-in-saibaba-colony,Pending,
Coimbatore,Cluster,Sheet Metal Laser Cutting Services in Saibaba Colony,/coimbatore/sheet-metal-laser-cutting-services-in-saibaba-colony,Pending,
Coimbatore,Cluster,Fabrication Services in Saibaba Colony,/coimbatore/fabrication-services-in-saibaba-colony,Pending,
Coimbatore,Cluster,Steel Gates in Saibaba Colony,/coimbatore/steel-gates-in-saibaba-colony,Pending,
Coimbatore,Cluster,Metal Safety Doors in Saibaba Colony,/coimbatore/metal-safety-doors-in-saibaba-colony,Pending,
Coimbatore,Cluster,Decorative Metal Panels in Saibaba Colony,/coimbatore/decorative-metal-panels-in-saibaba-colony,Pending,
Coimbatore,Cluster,Laser Cutting Services in Singanallur,/coimbatore/laser-cutting-services-in-singanallur,Pending,
Coimbatore,Cluster,Sheet Metal Laser Cutting Services in Singanallur,/coimbatore/sheet-metal-laser-cutting-services-in-singanallur,Pending,
Coimbatore,Cluster,Fabrication Services in Singanallur,/coimbatore/fabrication-services-in-singanallur,Pending,
Coimbatore,Cluster,Steel Gates in Singanallur,/coimbatore/steel-gates-in-singanallur,Pending,
Coimbatore,Cluster,Metal Safety Doors in Singanallur,/coimbatore/metal-safety-doors-in-singanallur,Pending,
Coimbatore,Cluster,Decorative Metal Panels in Singanallur,/coimbatore/decorative-metal-panels-in-singanallur,Pending,
Coimbatore,Cluster,Laser Cutting Services in Ganapathy,/coimbatore/laser-cutting-services-in-ganapathy,Pending,
Coimbatore,Cluster,Sheet Metal Laser Cutting Services in Ganapathy,/coimbatore/sheet-metal-laser-cutting-services-in-ganapathy,Pending,
Coimbatore,Cluster,Fabrication Services in Ganapathy,/coimbatore/fabrication-services-in-ganapathy,Pending,
Coimbatore,Cluster,Steel Gates in Ganapathy,/coimbatore/steel-gates-in-ganapathy,Pending,
Coimbatore,Cluster,Metal Safety Doors in Ganapathy,/coimbatore/metal-safety-doors-in-ganapathy,Pending,
Coimbatore,Cluster,Decorative Metal Panels in Ganapathy,/coimbatore/decorative-metal-panels-in-ganapathy,Pending,
Coimbatore,Cluster,Laser Cutting Services in Ramanathapuram,/coimbatore/laser-cutting-services-in-ramanathapuram,Pending,
Coimbatore,Cluster,Sheet Metal Laser Cutting Services in Ramanathapuram,/coimbatore/sheet-metal-laser-cutting-services-in-ramanathapuram,Pending,
Coimbatore,Cluster,Fabrication Services in Ramanathapuram,/coimbatore/fabrication-services-in-ramanathapuram,Pending,
Coimbatore,Cluster,Steel Gates in Ramanathapuram,/coimbatore/steel-gates-in-ramanathapuram,Pending,
Coimbatore,Cluster,Metal Safety Doors in Ramanathapuram,/coimbatore/metal-safety-doors-in-ramanathapuram,Pending,
Coimbatore,Cluster,Decorative Metal Panels in Ramanathapuram,/coimbatore/decorative-metal-panels-in-ramanathapuram,Pending,
Coimbatore,Cluster,Laser Cutting Services in Kuniyamuthur,/coimbatore/laser-cutting-services-in-kuniyamuthur,Pending,
Coimbatore,Cluster,Sheet Metal Laser Cutting Services in Kuniyamuthur,/coimbatore/sheet-metal-laser-cutting-services-in-kuniyamuthur,Pending,
Coimbatore,Cluster,Fabrication Services in Kuniyamuthur,/coimbatore/fabrication-services-in-kuniyamuthur,Pending,
Coimbatore,Cluster,Steel Gates in Kuniyamuthur,/coimbatore/steel-gates-in-kuniyamuthur,Pending,
Coimbatore,Cluster,Metal Safety Doors in Kuniyamuthur,/coimbatore/metal-safety-doors-in-kuniyamuthur,Pending,
Coimbatore,Cluster,Decorative Metal Panels in Kuniyamuthur,/coimbatore/decorative-metal-panels-in-kuniyamuthur,Pending,
Coimbatore,Cluster,Laser Cutting Services in Vadavalli,/coimbatore/laser-cutting-services-in-vadavalli,Pending,
Coimbatore,Cluster,Sheet Metal Laser Cutting Services in Vadavalli,/coimbatore/sheet-metal-laser-cutting-services-in-vadavalli,Pending,
Coimbatore,Cluster,Fabrication Services in Vadavalli,/coimbatore/fabrication-services-in-vadavalli,Pending,
Coimbatore,Cluster,Steel Gates in Vadavalli,/coimbatore/steel-gates-in-vadavalli,Pending,
Coimbatore,Cluster,Metal Safety Doors in Vadavalli,/coimbatore/metal-safety-doors-in-vadavalli,Pending,
Coimbatore,Cluster,Decorative Metal Panels in Vadavalli,/coimbatore/decorative-metal-panels-in-vadavalli,Pending,
Coimbatore,Cluster,Laser Cutting Services in Thudiyalur,/coimbatore/laser-cutting-services-in-thudiyalur,Pending,
Coimbatore,Cluster,Sheet Metal Laser Cutting Services in Thudiyalur,/coimbatore/sheet-metal-laser-cutting-services-in-thudiyalur,Pending,
Coimbatore,Cluster,Fabrication Services in Thudiyalur,/coimbatore/fabrication-services-in-thudiyalur,Pending,
Coimbatore,Cluster,Steel Gates in Thudiyalur,/coimbatore/steel-gates-in-thudiyalur,Pending,
Coimbatore,Cluster,Metal Safety Doors in Thudiyalur,/coimbatore/metal-safety-doors-in-thudiyalur,Pending,
Coimbatore,Cluster,Decorative Metal Panels in Thudiyalur,/coimbatore/decorative-metal-panels-in-thudiyalur,Pending,
Coimbatore,Cluster,Laser Cutting Services in Sundarapuram,/coimbatore/laser-cutting-services-in-sundarapuram,Pending,
Coimbatore,Cluster,Sheet Metal Laser Cutting Services in Sundarapuram,/coimbatore/sheet-metal-laser-cutting-services-in-sundarapuram,Pending,
Coimbatore,Cluster,Fabrication Services in Sundarapuram,/coimbatore/fabrication-services-in-sundarapuram,Pending,
Coimbatore,Cluster,Steel Gates in Sundarapuram,/coimbatore/steel-gates-in-sundarapuram,Pending,
Coimbatore,Cluster,Metal Safety Doors in Sundarapuram,/coimbatore/metal-safety-doors-in-sundarapuram,Pending,
Coimbatore,Cluster,Decorative Metal Panels in Sundarapuram,/coimbatore/decorative-metal-panels-in-sundarapuram,Pending,
Coimbatore,Cluster,Laser Cutting Services in Podanur,/coimbatore/laser-cutting-services-in-podanur,Pending,
Coimbatore,Cluster,Sheet Metal Laser Cutting Services in Podanur,/coimbatore/sheet-metal-laser-cutting-services-in-podanur,Pending,
Coimbatore,Cluster,Fabrication Services in Podanur,/coimbatore/fabrication-services-in-podanur,Pending,
Coimbatore,Cluster,Steel Gates in Podanur,/coimbatore/steel-gates-in-podanur,Pending,
Coimbatore,Cluster,Metal Safety Doors in Podanur,/coimbatore/metal-safety-doors-in-podanur,Pending,
Coimbatore,Cluster,Decorative Metal Panels in Podanur,/coimbatore/decorative-metal-panels-in-podanur,Pending,
Coimbatore,Cluster,Laser Cutting Services in Ondipudur,/coimbatore/laser-cutting-services-in-ondipudur,Pending,
Coimbatore,Cluster,Sheet Metal Laser Cutting Services in Ondipudur,/coimbatore/sheet-metal-laser-cutting-services-in-ondipudur,Pending,
Coimbatore,Cluster,Fabrication Services in Ondipudur,/coimbatore/fabrication-services-in-ondipudur,Pending,
Coimbatore,Cluster,Steel Gates in Ondipudur,/coimbatore/steel-gates-in-ondipudur,Pending,
Coimbatore,Cluster,Metal Safety Doors in Ondipudur,/coimbatore/metal-safety-doors-in-ondipudur,Pending,
Coimbatore,Cluster,Decorative Metal Panels in Ondipudur,/coimbatore/decorative-metal-panels-in-ondipudur,Pending,
Coimbatore,Cluster,Laser Cutting Services in Kalapatti,/coimbatore/laser-cutting-services-in-kalapatti,Pending,
Coimbatore,Cluster,Sheet Metal Laser Cutting Services in Kalapatti,/coimbatore/sheet-metal-laser-cutting-services-in-kalapatti,Pending,
Coimbatore,Cluster,Fabrication Services in Kalapatti,/coimbatore/fabrication-services-in-kalapatti,Pending,
Coimbatore,Cluster,Steel Gates in Kalapatti,/coimbatore/steel-gates-in-kalapatti,Pending,
Coimbatore,Cluster,Metal Safety Doors in Kalapatti,/coimbatore/metal-safety-doors-in-kalapatti,Pending,
Coimbatore,Cluster,Decorative Metal Panels in Kalapatti,/coimbatore/decorative-metal-panels-in-kalapatti,Pending,
Coimbatore,Cluster,Laser Cutting Services in Saravanampatti,/coimbatore/laser-cutting-services-in-saravanampatti,Pending,
Coimbatore,Cluster,Sheet Metal Laser Cutting Services in Saravanampatti,/coimbatore/sheet-metal-laser-cutting-services-in-saravanampatti,Pending,
Coimbatore,Cluster,Fabrication Services in Saravanampatti,/coimbatore/fabrication-services-in-saravanampatti,Pending,
Coimbatore,Cluster,Steel Gates in Saravanampatti,/coimbatore/steel-gates-in-saravanampatti,Pending,
Coimbatore,Cluster,Metal Safety Doors in Saravanampatti,/coimbatore/metal-safety-doors-in-saravanampatti,Pending,
Coimbatore,Cluster,Decorative Metal Panels in Saravanampatti,/coimbatore/decorative-metal-panels-in-saravanampatti,Pending,
Coimbatore,Cluster,Laser Cutting Services in Hopes College,/coimbatore/laser-cutting-services-in-hopes-college,Pending,
Coimbatore,Cluster,Sheet Metal Laser Cutting Services in Hopes College,/coimbatore/sheet-metal-laser-cutting-services-in-hopes-college,Pending,
Coimbatore,Cluster,Fabrication Services in Hopes College,/coimbatore/fabrication-services-in-hopes-college,Pending,
Coimbatore,Cluster,Steel Gates in Hopes College,/coimbatore/steel-gates-in-hopes-college,Pending,
Coimbatore,Cluster,Metal Safety Doors in Hopes College,/coimbatore/metal-safety-doors-in-hopes-college,Pending,
Coimbatore,Cluster,Decorative Metal Panels in Hopes College,/coimbatore/decorative-metal-panels-in-hopes-college,Pending,
Coimbatore,Cluster,Laser Cutting Services in Race Course,/coimbatore/laser-cutting-services-in-race-course,Pending,
Coimbatore,Cluster,Sheet Metal Laser Cutting Services in Race Course,/coimbatore/sheet-metal-laser-cutting-services-in-race-course,Pending,
Coimbatore,Cluster,Fabrication Services in Race Course,/coimbatore/fabrication-services-in-race-course,Pending,
Coimbatore,Cluster,Steel Gates in Race Course,/coimbatore/steel-gates-in-race-course,Pending,
Coimbatore,Cluster,Metal Safety Doors in Race Course,/coimbatore/metal-safety-doors-in-race-course,Pending,
Coimbatore,Cluster,Decorative Metal Panels in Race Course,/coimbatore/decorative-metal-panels-in-race-course,Pending,
Coimbatore,Cluster,Laser Cutting Services in Ukkadam,/coimbatore/laser-cutting-services-in-ukkadam,Pending,
Coimbatore,Cluster,Sheet Metal Laser Cutting Services in Ukkadam,/coimbatore/sheet-metal-laser-cutting-services-in-ukkadam,Pending,
Coimbatore,Cluster,Fabrication Services in Ukkadam,/coimbatore/fabrication-services-in-ukkadam,Pending,
Coimbatore,Cluster,Steel Gates in Ukkadam,/coimbatore/steel-gates-in-ukkadam,Pending,
Coimbatore,Cluster,Metal Safety Doors in Ukkadam,/coimbatore/metal-safety-doors-in-ukkadam,Pending,
Coimbatore,Cluster,Decorative Metal Panels in Ukkadam,/coimbatore/decorative-metal-panels-in-ukkadam,Pending,
Coimbatore,Cluster,Laser Cutting Services in Sitra,/coimbatore/laser-cutting-services-in-sitra,Pending,
Coimbatore,Cluster,Sheet Metal Laser Cutting Services in Sitra,/coimbatore/sheet-metal-laser-cutting-services-in-sitra,Pending,
Coimbatore,Cluster,Fabrication Services in Sitra,/coimbatore/fabrication-services-in-sitra,Pending,
Coimbatore,Cluster,Steel Gates in Sitra,/coimbatore/steel-gates-in-sitra,Pending,
Coimbatore,Cluster,Metal Safety Doors in Sitra,/coimbatore/metal-safety-doors-in-sitra,Pending,
Coimbatore,Cluster,Decorative Metal Panels in Sitra,/coimbatore/decorative-metal-panels-in-sitra,Pending,
Coimbatore,Cluster,Laser Cutting Services in Kavundampalayam,/coimbatore/laser-cutting-services-in-kavundampalayam,Pending,
Coimbatore,Cluster,Sheet Metal Laser Cutting Services in Kavundampalayam,/coimbatore/sheet-metal-laser-cutting-services-in-kavundampalayam,Pending,
Coimbatore,Cluster,Fabrication Services in Kavundampalayam,/coimbatore/fabrication-services-in-kavundampalayam,Pending,
Coimbatore,Cluster,Steel Gates in Kavundampalayam,/coimbatore/steel-gates-in-kavundampalayam,Pending,
Coimbatore,Cluster,Metal Safety Doors in Kavundampalayam,/coimbatore/metal-safety-doors-in-kavundampalayam,Pending,
Coimbatore,Cluster,Decorative Metal Panels in Kavundampalayam,/coimbatore/decorative-metal-panels-in-kavundampalayam,Pending,
Coimbatore,Cluster,Laser Cutting Services in Koundampalayam,/coimbatore/laser-cutting-services-in-koundampalayam,Pending,
Coimbatore,Cluster,Sheet Metal Laser Cutting Services in Koundampalayam,/coimbatore/sheet-metal-laser-cutting-services-in-koundampalayam,Pending,
Coimbatore,Cluster,Fabrication Services in Koundampalayam,/coimbatore/fabrication-services-in-koundampalayam,Pending,
Coimbatore,Cluster,Steel Gates in Koundampalayam,/coimbatore/steel-gates-in-koundampalayam,Pending,
Coimbatore,Cluster,Metal Safety Doors in Koundampalayam,/coimbatore/metal-safety-doors-in-koundampalayam,Pending,
Coimbatore,Cluster,Decorative Metal Panels in Koundampalayam,/coimbatore/decorative-metal-panels-in-koundampalayam,Pending,
Coimbatore,Cluster,Laser Cutting Services in Vellakinar,/coimbatore/laser-cutting-services-in-vellakinar,Pending,
Coimbatore,Cluster,Sheet Metal Laser Cutting Services in Vellakinar,/coimbatore/sheet-metal-laser-cutting-services-in-vellakinar,Pending,
Coimbatore,Cluster,Fabrication Services in Vellakinar,/coimbatore/fabrication-services-in-vellakinar,Pending,
Coimbatore,Cluster,Steel Gates in Vellakinar,/coimbatore/steel-gates-in-vellakinar,Pending,
Coimbatore,Cluster,Metal Safety Doors in Vellakinar,/coimbatore/metal-safety-doors-in-vellakinar,Pending,
Coimbatore,Cluster,Decorative Metal Panels in Vellakinar,/coimbatore/decorative-metal-panels-in-vellakinar,Pending,
Coimbatore,Cluster,Laser Cutting Services in G N Mills,/coimbatore/laser-cutting-services-in-g-n-mills,Pending,
Coimbatore,Cluster,Sheet Metal Laser Cutting Services in G N Mills,/coimbatore/sheet-metal-laser-cutting-services-in-g-n-mills,Pending,
Coimbatore,Cluster,Fabrication Services in G N Mills,/coimbatore/fabrication-services-in-g-n-mills,Pending,
Coimbatore,Cluster,Steel Gates in G N Mills,/coimbatore/steel-gates-in-g-n-mills,Pending,
Coimbatore,Cluster,Metal Safety Doors in G N Mills,/coimbatore/metal-safety-doors-in-g-n-mills,Pending,
Coimbatore,Cluster,Decorative Metal Panels in G N Mills,/coimbatore/decorative-metal-panels-in-g-n-mills,Pending,
Coimbatore,Cluster,Laser Cutting Services in Narasimhanaickenpalayam,/coimbatore/laser-cutting-services-in-narasimhanaickenpalayam,Pending,
Coimbatore,Cluster,Sheet Metal Laser Cutting Services in Narasimhanaickenpalayam,/coimbatore/sheet-metal-laser-cutting-services-in-narasimhanaickenpalayam,Pending,
Coimbatore,Cluster,Fabrication Services in Narasimhanaickenpalayam,/coimbatore/fabrication-services-in-narasimhanaickenpalayam,Pending,
Coimbatore,Cluster,Steel Gates in Narasimhanaickenpalayam,/coimbatore/steel-gates-in-narasimhanaickenpalayam,Pending,
Coimbatore,Cluster,Metal Safety Doors in Narasimhanaickenpalayam,/coimbatore/metal-safety-doors-in-narasimhanaickenpalayam,Pending,
Coimbatore,Cluster,Decorative Metal Panels in Narasimhanaickenpalayam,/coimbatore/decorative-metal-panels-in-narasimhanaickenpalayam,Pending,
Coimbatore,Cluster,Laser Cutting Services in Sulur,/coimbatore/laser-cutting-services-in-sulur,Pending,
Coimbatore,Cluster,Sheet Metal Laser Cutting Services in Sulur,/coimbatore/sheet-metal-laser-cutting-services-in-sulur,Pending,
Coimbatore,Cluster,Fabrication Services in Sulur,/coimbatore/fabrication-services-in-sulur,Pending,
Coimbatore,Cluster,Steel Gates in Sulur,/coimbatore/steel-gates-in-sulur,Pending,
Coimbatore,Cluster,Metal Safety Doors in Sulur,/coimbatore/metal-safety-doors-in-sulur,Pending,
Coimbatore,Cluster,Decorative Metal Panels in Sulur,/coimbatore/decorative-metal-panels-in-sulur,Pending,
Coimbatore,Cluster,Laser Cutting Services in Kovaipudur,/coimbatore/laser-cutting-services-in-kovaipudur,Pending,
Coimbatore,Cluster,Sheet Metal Laser Cutting Services in Kovaipudur,/coimbatore/sheet-metal-laser-cutting-services-in-kovaipudur,Pending,
Coimbatore,Cluster,Fabrication Services in Kovaipudur,/coimbatore/fabrication-services-in-kovaipudur,Pending,
Coimbatore,Cluster,Steel Gates in Kovaipudur,/coimbatore/steel-gates-in-kovaipudur,Pending,
Coimbatore,Cluster,Metal Safety Doors in Kovaipudur,/coimbatore/metal-safety-doors-in-kovaipudur,Pending,
Coimbatore,Cluster,Decorative Metal Panels in Kovaipudur,/coimbatore/decorative-metal-panels-in-kovaipudur,Pending,
Coimbatore,Cluster,Laser Cutting Services in Thondamuthur,/coimbatore/laser-cutting-services-in-thondamuthur,Pending,
Coimbatore,Cluster,Sheet Metal Laser Cutting Services in Thondamuthur,/coimbatore/sheet-metal-laser-cutting-services-in-thondamuthur,Pending,
Coimbatore,Cluster,Fabrication Services in Thondamuthur,/coimbatore/fabrication-services-in-thondamuthur,Pending,
Coimbatore,Cluster,Steel Gates in Thondamuthur,/coimbatore/steel-gates-in-thondamuthur,Pending,
Coimbatore,Cluster,Metal Safety Doors in Thondamuthur,/coimbatore/metal-safety-doors-in-thondamuthur,Pending,
Coimbatore,Cluster,Decorative Metal Panels in Thondamuthur,/coimbatore/decorative-metal-panels-in-thondamuthur,Pending,
Coimbatore,Cluster,Laser Cutting Services in Maniyakarampalayam,/coimbatore/laser-cutting-services-in-maniyakarampalayam,Pending,
Coimbatore,Cluster,Sheet Metal Laser Cutting Services in Maniyakarampalayam,/coimbatore/sheet-metal-laser-cutting-services-in-maniyakarampalayam,Pending,
Coimbatore,Cluster,Fabrication Services in Maniyakarampalayam,/coimbatore/fabrication-services-in-maniyakarampalayam,Pending,
Coimbatore,Cluster,Steel Gates in Maniyakarampalayam,/coimbatore/steel-gates-in-maniyakarampalayam,Pending,
Coimbatore,Cluster,Metal Safety Doors in Maniyakarampalayam,/coimbatore/metal-safety-doors-in-maniyakarampalayam,Pending,
Coimbatore,Cluster,Decorative Metal Panels in Maniyakarampalayam,/coimbatore/decorative-metal-panels-in-maniyakarampalayam,Pending,
Coimbatore,Cluster,Laser Cutting Services in Avarampalayam,/coimbatore/laser-cutting-services-in-avarampalayam,Pending,
Coimbatore,Cluster,Sheet Metal Laser Cutting Services in Avarampalayam,/coimbatore/sheet-metal-laser-cutting-services-in-avarampalayam,Pending,
Coimbatore,Cluster,Fabrication Services in Avarampalayam,/coimbatore/fabrication-services-in-avarampalayam,Pending,
Coimbatore,Cluster,Steel Gates in Avarampalayam,/coimbatore/steel-gates-in-avarampalayam,Pending,
Coimbatore,Cluster,Metal Safety Doors in Avarampalayam,/coimbatore/metal-safety-doors-in-avarampalayam,Pending,
Coimbatore,Cluster,Decorative Metal Panels in Avarampalayam,/coimbatore/decorative-metal-panels-in-avarampalayam,Pending,
Coimbatore,Cluster,Laser Cutting Services in Selvapuram,/coimbatore/laser-cutting-services-in-selvapuram,Pending,
Coimbatore,Cluster,Sheet Metal Laser Cutting Services in Selvapuram,/coimbatore/sheet-metal-laser-cutting-services-in-selvapuram,Pending,
Coimbatore,Cluster,Fabrication Services in Selvapuram,/coimbatore/fabrication-services-in-selvapuram,Pending,
Coimbatore,Cluster,Steel Gates in Selvapuram,/coimbatore/steel-gates-in-selvapuram,Pending,
Coimbatore,Cluster,Metal Safety Doors in Selvapuram,/coimbatore/metal-safety-doors-in-selvapuram,Pending,
Coimbatore,Cluster,Decorative Metal Panels in Selvapuram,/coimbatore/decorative-metal-panels-in-selvapuram,Pending,
Coimbatore,Cluster,Laser Cutting Services in Kurichi,/coimbatore/laser-cutting-services-in-kurichi,Pending,
Coimbatore,Cluster,Sheet Metal Laser Cutting Services in Kurichi,/coimbatore/sheet-metal-laser-cutting-services-in-kurichi,Pending,
Coimbatore,Cluster,Fabrication Services in Kurichi,/coimbatore/fabrication-services-in-kurichi,Pending,
Coimbatore,Cluster,Steel Gates in Kurichi,/coimbatore/steel-gates-in-kurichi,Pending,
Coimbatore,Cluster,Metal Safety Doors in Kurichi,/coimbatore/metal-safety-doors-in-kurichi,Pending,
Coimbatore,Cluster,Decorative Metal Panels in Kurichi,/coimbatore/decorative-metal-panels-in-kurichi,Pending,
Coimbatore,Cluster,Laser Cutting Services in Chinniyampalayam,/coimbatore/laser-cutting-services-in-chinniyampalayam,Pending,
Coimbatore,Cluster,Sheet Metal Laser Cutting Services in Chinniyampalayam,/coimbatore/sheet-metal-laser-cutting-services-in-chinniyampalayam,Pending,
Coimbatore,Cluster,Fabrication Services in Chinniyampalayam,/coimbatore/fabrication-services-in-chinniyampalayam,Pending,
Coimbatore,Cluster,Steel Gates in Chinniyampalayam,/coimbatore/steel-gates-in-chinniyampalayam,Pending,
Coimbatore,Cluster,Metal Safety Doors in Chinniyampalayam,/coimbatore/metal-safety-doors-in-chinniyampalayam,Pending,
Coimbatore,Cluster,Decorative Metal Panels in Chinniyampalayam,/coimbatore/decorative-metal-panels-in-chinniyampalayam,Pending,
Coimbatore,Cluster,Laser Cutting Services in Neelambur,/coimbatore/laser-cutting-services-in-neelambur,Pending,
Coimbatore,Cluster,Sheet Metal Laser Cutting Services in Neelambur,/coimbatore/sheet-metal-laser-cutting-services-in-neelambur,Pending,
Coimbatore,Cluster,Fabrication Services in Neelambur,/coimbatore/fabrication-services-in-neelambur,Pending,
Coimbatore,Cluster,Steel Gates in Neelambur,/coimbatore/steel-gates-in-neelambur,Pending,
Coimbatore,Cluster,Metal Safety Doors in Neelambur,/coimbatore/metal-safety-doors-in-neelambur,Pending,
Coimbatore,Cluster,Decorative Metal Panels in Neelambur,/coimbatore/decorative-metal-panels-in-neelambur,Pending,
Coimbatore,Cluster,Laser Cutting Services in Irugur,/coimbatore/laser-cutting-services-in-irugur,Pending,
Coimbatore,Cluster,Sheet Metal Laser Cutting Services in Irugur,/coimbatore/sheet-metal-laser-cutting-services-in-irugur,Pending,
Coimbatore,Cluster,Fabrication Services in Irugur,/coimbatore/fabrication-services-in-irugur,Pending,
Coimbatore,Cluster,Steel Gates in Irugur,/coimbatore/steel-gates-in-irugur,Pending,
Coimbatore,Cluster,Metal Safety Doors in Irugur,/coimbatore/metal-safety-doors-in-irugur,Pending,
Coimbatore,Cluster,Decorative Metal Panels in Irugur,/coimbatore/decorative-metal-panels-in-irugur,Pending,
Coimbatore,Cluster,Laser Cutting Services in Vilankurichi,/coimbatore/laser-cutting-services-in-vilankurichi,Pending,
Coimbatore,Cluster,Sheet Metal Laser Cutting Services in Vilankurichi,/coimbatore/sheet-metal-laser-cutting-services-in-vilankurichi,Pending,
Coimbatore,Cluster,Fabrication Services in Vilankurichi,/coimbatore/fabrication-services-in-vilankurichi,Pending,
Coimbatore,Cluster,Steel Gates in Vilankurichi,/coimbatore/steel-gates-in-vilankurichi,Pending,
Coimbatore,Cluster,Metal Safety Doors in Vilankurichi,/coimbatore/metal-safety-doors-in-vilankurichi,Pending,
Coimbatore,Cluster,Decorative Metal Panels in Vilankurichi,/coimbatore/decorative-metal-panels-in-vilankurichi,Pending,
Coimbatore,Cluster,Laser Cutting Services in Thaneerpandal,/coimbatore/laser-cutting-services-in-thaneerpandal,Pending,
Coimbatore,Cluster,Sheet Metal Laser Cutting Services in Thaneerpandal,/coimbatore/sheet-metal-laser-cutting-services-in-thaneerpandal,Pending,
Coimbatore,Cluster,Fabrication Services in Thaneerpandal,/coimbatore/fabrication-services-in-thaneerpandal,Pending,
Coimbatore,Cluster,Steel Gates in Thaneerpandal,/coimbatore/steel-gates-in-thaneerpandal,Pending,
Coimbatore,Cluster,Metal Safety Doors in Thaneerpandal,/coimbatore/metal-safety-doors-in-thaneerpandal,Pending,
Coimbatore,Cluster,Decorative Metal Panels in Thaneerpandal,/coimbatore/decorative-metal-panels-in-thaneerpandal,Pending,
Coimbatore,Cluster,Laser Cutting Services in Nava India,/coimbatore/laser-cutting-services-in-nava-india,Pending,
Coimbatore,Cluster,Sheet Metal Laser Cutting Services in Nava India,/coimbatore/sheet-metal-laser-cutting-services-in-nava-india,Pending,
Coimbatore,Cluster,Fabrication Services in Nava India,/coimbatore/fabrication-services-in-nava-india,Pending,
Coimbatore,Cluster,Steel Gates in Nava India,/coimbatore/steel-gates-in-nava-india,Pending,
Coimbatore,Cluster,Metal Safety Doors in Nava India,/coimbatore/metal-safety-doors-in-nava-india,Pending,
Coimbatore,Cluster,Decorative Metal Panels in Nava India,/coimbatore/decorative-metal-panels-in-nava-india,Pending,
Coimbatore,Cluster,Laser Cutting Services in Town Hall,/coimbatore/laser-cutting-services-in-town-hall,Pending,
Coimbatore,Cluster,Sheet Metal Laser Cutting Services in Town Hall,/coimbatore/sheet-metal-laser-cutting-services-in-town-hall,Pending,
Coimbatore,Cluster,Fabrication Services in Town Hall,/coimbatore/fabrication-services-in-town-hall,Pending,
Coimbatore,Cluster,Steel Gates in Town Hall,/coimbatore/steel-gates-in-town-hall,Pending,
Coimbatore,Cluster,Metal Safety Doors in Town Hall,/coimbatore/metal-safety-doors-in-town-hall,Pending,
Coimbatore,Cluster,Decorative Metal Panels in Town Hall,/coimbatore/decorative-metal-panels-in-town-hall,Pending,
Coimbatore,Cluster,Laser Cutting Services in Sivananda Colony,/coimbatore/laser-cutting-services-in-sivananda-colony,Pending,
Coimbatore,Cluster,Sheet Metal Laser Cutting Services in Sivananda Colony,/coimbatore/sheet-metal-laser-cutting-services-in-sivananda-colony,Pending,
Coimbatore,Cluster,Fabrication Services in Sivananda Colony,/coimbatore/fabrication-services-in-sivananda-colony,Pending,
Coimbatore,Cluster,Steel Gates in Sivananda Colony,/coimbatore/steel-gates-in-sivananda-colony,Pending,
Coimbatore,Cluster,Metal Safety Doors in Sivananda Colony,/coimbatore/metal-safety-doors-in-sivananda-colony,Pending,
Coimbatore,Cluster,Decorative Metal Panels in Sivananda Colony,/coimbatore/decorative-metal-panels-in-sivananda-colony,Pending,
Coimbatore,Cluster,Laser Cutting Services in Tatabad,/coimbatore/laser-cutting-services-in-tatabad,Pending,
Coimbatore,Cluster,Sheet Metal Laser Cutting Services in Tatabad,/coimbatore/sheet-metal-laser-cutting-services-in-tatabad,Pending,
Coimbatore,Cluster,Fabrication Services in Tatabad,/coimbatore/fabrication-services-in-tatabad,Pending,
Coimbatore,Cluster,Steel Gates in Tatabad,/coimbatore/steel-gates-in-tatabad,Pending,
Coimbatore,Cluster,Metal Safety Doors in Tatabad,/coimbatore/metal-safety-doors-in-tatabad,Pending,
Coimbatore,Cluster,Decorative Metal Panels in Tatabad,/coimbatore/decorative-metal-panels-in-tatabad,Pending,
Coimbatore,Cluster,Laser Cutting Services in Ganeshapuram,/coimbatore/laser-cutting-services-in-ganeshapuram,Pending,
Coimbatore,Cluster,Sheet Metal Laser Cutting Services in Ganeshapuram,/coimbatore/sheet-metal-laser-cutting-services-in-ganeshapuram,Pending,
Coimbatore,Cluster,Fabrication Services in Ganeshapuram,/coimbatore/fabrication-services-in-ganeshapuram,Pending,
Coimbatore,Cluster,Steel Gates in Ganeshapuram,/coimbatore/steel-gates-in-ganeshapuram,Pending,
Coimbatore,Cluster,Metal Safety Doors in Ganeshapuram,/coimbatore/metal-safety-doors-in-ganeshapuram,Pending,
Coimbatore,Cluster,Decorative Metal Panels in Ganeshapuram,/coimbatore/decorative-metal-panels-in-ganeshapuram,Pending,
Coimbatore,Cluster,Laser Cutting Services in Edayarpalayam,/coimbatore/laser-cutting-services-in-edayarpalayam,Pending,
Coimbatore,Cluster,Sheet Metal Laser Cutting Services in Edayarpalayam,/coimbatore/sheet-metal-laser-cutting-services-in-edayarpalayam,Pending,
Coimbatore,Cluster,Fabrication Services in Edayarpalayam,/coimbatore/fabrication-services-in-edayarpalayam,Pending,
Coimbatore,Cluster,Steel Gates in Edayarpalayam,/coimbatore/steel-gates-in-edayarpalayam,Pending,
Coimbatore,Cluster,Metal Safety Doors in Edayarpalayam,/coimbatore/metal-safety-doors-in-edayarpalayam,Pending,
Coimbatore,Cluster,Decorative Metal Panels in Edayarpalayam,/coimbatore/decorative-metal-panels-in-edayarpalayam,Pending,
Coimbatore,Cluster,Laser Cutting Services in Perur,/coimbatore/laser-cutting-services-in-perur,Pending,
Coimbatore,Cluster,Sheet Metal Laser Cutting Services in Perur,/coimbatore/sheet-metal-laser-cutting-services-in-perur,Pending,
Coimbatore,Cluster,Fabrication Services in Perur,/coimbatore/fabrication-services-in-perur,Pending,
Coimbatore,Cluster,Steel Gates in Perur,/coimbatore/steel-gates-in-perur,Pending,
Coimbatore,Cluster,Metal Safety Doors in Perur,/coimbatore/metal-safety-doors-in-perur,Pending,
Coimbatore,Cluster,Decorative Metal Panels in Perur,/coimbatore/decorative-metal-panels-in-perur,Pending,
Coimbatore,Cluster,Laser Cutting Services in Madukkarai,/coimbatore/laser-cutting-services-in-madukkarai,Pending,
Coimbatore,Cluster,Sheet Metal Laser Cutting Services in Madukkarai,/coimbatore/sheet-metal-laser-cutting-services-in-madukkarai,Pending,
Coimbatore,Cluster,Fabrication Services in Madukkarai,/coimbatore/fabrication-services-in-madukkarai,Pending,
Coimbatore,Cluster,Steel Gates in Madukkarai,/coimbatore/steel-gates-in-madukkarai,Pending,
Coimbatore,Cluster,Metal Safety Doors in Madukkarai,/coimbatore/metal-safety-doors-in-madukkarai,Pending,
Coimbatore,Cluster,Decorative Metal Panels in Madukkarai,/coimbatore/decorative-metal-panels-in-madukkarai,Pending,
Coimbatore,Cluster,Laser Cutting Services in Karamadai,/coimbatore/laser-cutting-services-in-karamadai,Pending,
Coimbatore,Cluster,Sheet Metal Laser Cutting Services in Karamadai,/coimbatore/sheet-metal-laser-cutting-services-in-karamadai,Pending,
Coimbatore,Cluster,Fabrication Services in Karamadai,/coimbatore/fabrication-services-in-karamadai,Pending,
Coimbatore,Cluster,Steel Gates in Karamadai,/coimbatore/steel-gates-in-karamadai,Pending,
Coimbatore,Cluster,Metal Safety Doors in Karamadai,/coimbatore/metal-safety-doors-in-karamadai,Pending,
Coimbatore,Cluster,Decorative Metal Panels in Karamadai,/coimbatore/decorative-metal-panels-in-karamadai,Pending,
Coimbatore,Cluster,Laser Cutting Services in Annur,/coimbatore/laser-cutting-services-in-annur,Pending,
Coimbatore,Cluster,Sheet Metal Laser Cutting Services in Annur,/coimbatore/sheet-metal-laser-cutting-services-in-annur,Pending,
Coimbatore,Cluster,Fabrication Services in Annur,/coimbatore/fabrication-services-in-annur,Pending,
Coimbatore,Cluster,Steel Gates in Annur,/coimbatore/steel-gates-in-annur,Pending,
Coimbatore,Cluster,Metal Safety Doors in Annur,/coimbatore/metal-safety-doors-in-annur,Pending,
Coimbatore,Cluster,Decorative Metal Panels in Annur,/coimbatore/decorative-metal-panels-in-annur,Pending,
Coimbatore,Cluster,Laser Cutting Services in Kinathukadavu,/coimbatore/laser-cutting-services-in-kinathukadavu,Pending,
Coimbatore,Cluster,Sheet Metal Laser Cutting Services in Kinathukadavu,/coimbatore/sheet-metal-laser-cutting-services-in-kinathukadavu,Pending,
Coimbatore,Cluster,Fabrication Services in Kinathukadavu,/coimbatore/fabrication-services-in-kinathukadavu,Pending,
Coimbatore,Cluster,Steel Gates in Kinathukadavu,/coimbatore/steel-gates-in-kinathukadavu,Pending,
Coimbatore,Cluster,Metal Safety Doors in Kinathukadavu,/coimbatore/metal-safety-doors-in-kinathukadavu,Pending,
Coimbatore,Cluster,Decorative Metal Panels in Kinathukadavu,/coimbatore/decorative-metal-panels-in-kinathukadavu,Pending,
Coimbatore,Cluster,Laser Cutting Services in Othakalmandapam,/coimbatore/laser-cutting-services-in-othakalmandapam,Pending,
Coimbatore,Cluster,Sheet Metal Laser Cutting Services in Othakalmandapam,/coimbatore/sheet-metal-laser-cutting-services-in-othakalmandapam,Pending,
Coimbatore,Cluster,Fabrication Services in Othakalmandapam,/coimbatore/fabrication-services-in-othakalmandapam,Pending,
Coimbatore,Cluster,Steel Gates in Othakalmandapam,/coimbatore/steel-gates-in-othakalmandapam,Pending,
Coimbatore,Cluster,Metal Safety Doors in Othakalmandapam,/coimbatore/metal-safety-doors-in-othakalmandapam,Pending,
Coimbatore,Cluster,Decorative Metal Panels in Othakalmandapam,/coimbatore/decorative-metal-panels-in-othakalmandapam,Pending,
Coimbatore,Cluster,Laser Cutting Services in Chettipalayam,/coimbatore/laser-cutting-services-in-chettipalayam,Pending,
Coimbatore,Cluster,Sheet Metal Laser Cutting Services in Chettipalayam,/coimbatore/sheet-metal-laser-cutting-services-in-chettipalayam,Pending,
Coimbatore,Cluster,Fabrication Services in Chettipalayam,/coimbatore/fabrication-services-in-chettipalayam,Pending,
Coimbatore,Cluster,Steel Gates in Chettipalayam,/coimbatore/steel-gates-in-chettipalayam,Pending,
Coimbatore,Cluster,Metal Safety Doors in Chettipalayam,/coimbatore/metal-safety-doors-in-chettipalayam,Pending,
Coimbatore,Cluster,Decorative Metal Panels in Chettipalayam,/coimbatore/decorative-metal-panels-in-chettipalayam,Pending,
Coimbatore,Cluster,Laser Cutting Services in Malumichampatti,/coimbatore/laser-cutting-services-in-malumichampatti,Pending,
Coimbatore,Cluster,Sheet Metal Laser Cutting Services in Malumichampatti,/coimbatore/sheet-metal-laser-cutting-services-in-malumichampatti,Pending,
Coimbatore,Cluster,Fabrication Services in Malumichampatti,/coimbatore/fabrication-services-in-malumichampatti,Pending,
Coimbatore,Cluster,Steel Gates in Malumichampatti,/coimbatore/steel-gates-in-malumichampatti,Pending,
Coimbatore,Cluster,Metal Safety Doors in Malumichampatti,/coimbatore/metal-safety-doors-in-malumichampatti,Pending,
Coimbatore,Cluster,Decorative Metal Panels in Malumichampatti,/coimbatore/decorative-metal-panels-in-malumichampatti,Pending,
